,cell_class,coord_X,coord_Y
108081,OPC,-0.14108562,-0.064692825
101116,Sncg,-0.3174315,0.32358015
112404,L2/3 IT,0.0138139725,0.35441643
119966,Astro,-0.24261737,-0.24522498
121016,Endo,-0.4473342,0.16035599
116920,L4/5 IT,-0.12667438,-0.007352084
110016,L5 ET,0.048383415,-0.33432603
101605,L2/3 IT,-0.10558048,0.2468965
115562,L2/3 IT,0.1136356,0.2461949
101115,Astro,0.30646008,0.18250322
109962,L2/3 IT,-0.09438318,0.2378099
262823,L2/3 IT,-0.067462355,0.12414497
106771,VLMC,0.31090474,0.28741288
7264,Endo,0.0024513602,-0.029257
203418,Lamp5,0.22117466,0.2431444
236775,L2/3 IT,0.15247601,0.07674849
118117,Astro,0.26910973,0.2988931
112197,Pvalb,0.14734793,-0.051892012
262315,L2/3 IT,-0.18356082,0.15142679
119975,L4/5 IT,0.21850294,-0.16155666
107851,Endo,0.34698188,0.28603828
104288,L2/3 IT,0.308195,0.052469194
197877,Astro,-0.28966117,0.46530885
101277,L5 IT,0.04978633,-0.17889011
278973,L4/5 IT,-0.13369864,0.04183948
262308,L2/3 IT,0.12793726,-0.016094863
106953,L2/3 IT,0.17281342,0.1860562
119991,Astro,-0.33981645,-0.018861502
112154,L2/3 IT,-0.013896763,0.224325
109823,L4/5 IT,0.08221626,-0.035494536
120943,L4/5 IT,-0.1327917,-0.16642442
201226,OPC,0.2487024,-0.1220769
109596,L2/3 IT,-0.10930908,0.296547
203164,Astro,0.07209784,0.35258573
124162,L2/3 IT,0.15409458,0.1367045
115421,L2/3 IT,0.19696814,0.23458844
117682,Endo,-0.13462833,0.05167055
8072,L4/5 IT,-0.19724494,-0.122030884
115351,Vip,0.1611557,-0.019967943
259997,L2/3 IT,-0.32395622,0.054257035
117678,L2/3 IT,-0.11179283,0.16538775
7750,Astro,-0.4281202,0.15395117
100659,L2/3 IT,0.22436714,0.14068848
107248,Micro,-0.31574735,0.07328564
260815,Lamp5,0.38032055,0.1683783
199848,Pvalb,0.19714719,-0.09623
107305,Astro,-0.3820752,0.22885567
124303,L4/5 IT,-0.1353147,-0.10182825
262218,L4/5 IT,0.12356275,-0.038046688
109668,L2/3 IT,-0.19980425,0.18288082
124307,L4/5 IT,0.15593356,-0.04792884
120491,L2/3 IT,-0.2607271,0.26551563
104812,L2/3 IT,0.2877472,0.07683265
117740,Astro,0.3178931,0.2515478
199864,L2/3 IT,-0.35061362,-0.016259462
260022,L6 IT,0.010219455,-0.22476378
104471,L5 IT,0.075668275,-0.19077364
107638,Lamp5,-0.39940837,0.23397595
116957,L2/3 IT,0.19821429,0.11880773
104994,L2/3 IT,0.26628458,0.12260759
112476,Endo,0.11669928,0.05328673
123890,Lamp5,-0.15496337,0.2102806
205092,Astro,-0.13973147,-0.40480277
104938,OPC,0.2169007,0.34804875
118103,L2/3 IT,0.08306146,0.12235969
8455,L2/3 IT,0.11966479,0.08222669
6537,L6 IT,-0.02044952,-0.19143552
245547,VLMC,0.32990056,0.2596125
6563,Astro,-0.1081084,-0.3832277
109539,Sncg,-0.36318457,0.23933017
107612,Micro,0.29574192,0.23988461
199980,L2/3 IT,0.06606227,0.26005375
124154,Vip,0.069499135,-0.04370436
117086,L4/5 IT,-0.23555166,-0.18867323
115426,L2/3 IT,-0.08105478,0.13504112
113146,L5 ET,-0.15950865,-0.19077241
107038,Astro,0.31374395,0.016223967
105171,Astro,-0.25011852,-0.11703792
205057,L2/3 IT,0.00677979,0.25964373
200385,L2/3 IT,-0.21970919,0.06577349
118172,L2/3 IT,-0.15320912,0.28604484
114272,Endo,-0.04934579,0.0983004
200783,VLMC,-0.27340013,0.48244703
118887,L2/3 IT,-0.25617757,0.10061139
118814,Peri,-0.12911645,-0.3580581
121659,Astro,-0.294941,-0.071213305
110952,Astro,-0.26872545,0.42262876
202236,L2/3 IT,0.4477824,-0.01528582
106017,Astro,-0.41930628,0.11294037
246013,Vip,0.2992093,0.0032507777
114763,Astro,-0.19902587,0.41234827
278983,L2/3 IT,0.24909794,0.09101164
260493,L4/5 IT,-0.008733571,-0.086150736
201026,Endo,-0.18211427,0.41970402
122474,L2/3 IT,-0.24168524,0.051866412
260268,Endo,0.19419706,-0.15974718
106135,L2/3 IT,0.18225348,0.051122665
103438,Endo,0.28852057,0.27456927
106189,L2/3 IT,0.24635583,-0.06463137
109530,Endo,-0.014113605,-0.30714524
106251,L2/3 IT,0.20187533,0.07072431
260473,Astro,-0.3517312,0.27056146
200805,L5/6 NP,-0.04281956,-0.24315208
8220,Oligo,-0.120559335,-0.35066012
122338,Pvalb,0.09946394,-0.2787189
109159,Astro,-0.28749287,-0.09264642
261265,Astro,0.40980345,0.15283209
199359,OPC,0.10446626,-0.34757835
279049,L2/3 IT,-0.35746184,0.13004315
259225,Astro,-0.2129854,0.024831057
121848,Astro,0.13499713,0.35760647
119131,Vip,-0.16409135,-0.31677377
203711,L2/3 IT,-0.34696078,-0.06605056
245985,L2/3 IT,0.30679268,0.07400179
121830,Endo,-0.25329006,-0.3104155
261453,L2/3 IT,0.009305835,0.14563584
244899,L2/3 IT,0.3526587,0.021493196
236248,OPC,0.17103916,0.006157279
110810,L4/5 IT,0.049211383,-0.013496071
122157,L2/3 IT,0.062604785,0.085817695
245979,L2/3 IT,0.26123655,0.010641813
118927,VLMC,-0.18588752,0.47992313
103197,VLMC,-0.32988805,0.4835056
200861,L2/3 IT,-0.20612264,0.28532648
114429,L4/5 IT,0.17393106,-0.12938216
105864,VLMC,0.40925497,0.17849827
122324,L4/5 IT,0.2290408,-0.11210674
262504,L4/5 IT,-0.0018721819,0.004786432
245600,L2/3 IT,0.23103034,0.15502304
112074,SMC,-0.19959256,-0.211393
102969,L4/5 IT,-0.16056034,-0.06489685
278895,L2/3 IT,0.15500724,0.18717158
103871,L2/3 IT,-0.022029608,0.27656573
108465,L2/3 IT,0.021785736,0.22723132
122888,L2/3 IT,0.23904026,0.12402761
202860,L2/3 IT,-0.31970036,0.11063391
110240,L4/5 IT,0.08424634,-0.0222148
204414,L4/5 IT,-0.29261154,-0.22565484
114871,Endo,-0.0365673,-0.38024235
111573,Vip,-0.16476238,-0.15163434
122984,L2/3 IT,0.37235254,0.035198033
106646,L2/3 IT,-0.29756564,0.10035479
262372,L2/3 IT,0.023006082,0.24734229
203811,Astro,-0.32788014,0.18653697
245329,Endo,-0.06255472,-0.38553873
115707,L4/5 IT,0.14875883,-0.033298314
6232,L2/3 IT,0.16972017,0.12627578
123128,SMC,0.19083875,0.38780534
116595,L2/3 IT,-0.04076776,0.28198212
108112,L2/3 IT,-0.08071998,0.14152503
102039,Pvalb,-0.058341265,-0.07070997
201182,L2/3 IT,0.00081026554,0.2753595
116618,Endo,-0.23480177,-0.26672065
108495,L5 IT,-0.14240938,-0.118744224
122844,L2/3 IT,0.14223856,0.14251095
113625,L2/3 IT,-0.36851645,0.05326718
278981,L2/3 IT,0.30595636,-0.007689476
119320,L5 IT,0.13157845,-0.18376637
116159,L4/5 IT,0.04872167,-0.08179724
102814,PVM,-0.18795484,0.4041211
111295,Lamp5,-0.21395293,0.3481204
261133,Endo,-0.086912006,-0.35933575
199270,L4/5 IT,0.2025547,-0.038517922
201093,OPC,0.024901032,-0.14021981
106354,Astro,0.16545969,0.00066512823
102706,L2/3 IT,0.2067554,0.06289977
102688,L2/3 IT,-0.16993728,0.22693592
103470,Micro,0.274172,-0.13027075
106368,L4/5 IT,0.040124238,0.018315911
102552,VLMC,0.09598428,0.405371
121199,Micro,0.00804466,0.42501473
119439,Peri,-0.30206916,0.19216889
202535,Endo,-0.40629786,-0.18209481
108586,L2/3 IT,-0.110495836,0.27052248
260678,L2/3 IT,0.107613504,0.07328951
118265,Astro,0.020403266,-0.15530416
122756,L2/3 IT,-0.24099672,0.13765383
198111,Astro,-0.12823266,-0.012887478
102489,Astro,-0.36134362,0.039381444
111494,L2/3 IT,0.15651864,0.07920879
105435,Endo,0.10590184,-0.15145117
243178,PVM,-0.2000536,0.36043477
205535,PVM,-0.30435324,0.1658656
44609,Sst,0.07140219,-0.26609403
234059,Micro,0.15479243,0.24432284
223819,Endo,0.16533536,-0.06082794
14717,VLMC,0.07334536,0.42411876
44197,VLMC,0.3936634,0.19372612
272605,Sncg,-0.2036047,0.28615505
44789,L4/5 IT,-0.05386421,-0.012581706
272629,L4/5 IT,0.01759541,-0.20677987
43837,L2/3 IT,0.24822164,0.14973289
224113,PVM,0.07329112,-0.20221892
224154,Astro,0.38283944,0.09335625
43355,VLMC,-0.5,0.26578712
43090,VLMC,-0.2571475,0.45604497
42884,L2/3 IT,0.18213904,0.17881596
224032,VLMC,-0.16782233,0.45255756
45115,Sst,-0.10628083,0.16366953
45416,Lamp5,0.26862323,0.27966112
223502,L4/5 IT,-0.1610251,0.0916096
222699,L2/3 IT,0.14983064,0.22743815
222752,L2/3 IT,0.12561643,0.11926216
47807,VLMC,0.3315338,0.24103278
272055,L2/3 IT,-0.22789511,0.2020976
47517,VLMC,0.38467556,0.22554493
222889,OPC,0.14938313,0.0016368628
47388,Endo,-0.44174564,-0.06419301
46737,Micro,0.01449877,-0.3474818
14522,L4/5 IT,0.28895324,-0.15171525
46181,Vip,-0.11205301,0.18961787
272304,L2/3 IT,-0.28977728,0.10311884
223406,L2/3 IT,0.28121603,0.0015457869
277809,L2/3 IT,-0.20870811,0.3128571
45657,L2/3 IT,0.08210468,0.12099755
223486,L2/3 IT,0.25675863,0.10753304
224387,L2/3 IT,0.20222801,0.08931947
48262,L4/5 IT,0.090067565,-0.037326932
42674,OPC,0.19206846,0.14510196
272973,Endo,-0.44650614,0.3377415
39641,L2/3 IT,0.16209394,0.14509451
39597,PVM,-0.19958696,-0.015624315
225596,L2/3 IT,-0.259578,0.17634898
39444,L4/5 IT,0.19448471,-0.10963264
39353,L2/3 IT,-0.30962214,-0.03911853
39293,L2/3 IT,-0.2773439,0.15500432
39743,VLMC,0.45638102,0.123569846
39243,Lamp5,0.41827428,0.13541806
225811,L4/5 IT,0.013445258,-0.037458032
38539,VLMC,0.36688048,0.18841195
38311,Peri,0.3214646,-0.098359704
226055,PVM,-0.455712,0.33047867
15399,Lamp5,-0.38738197,0.24821162
37939,Sst,0.09096527,0.027850986
39193,VLMC,-0.4828712,0.35073173
225470,Peri,-0.092576206,-0.43894356
15174,L5 IT,0.027273476,-0.09563249
225437,Micro,0.27371395,-0.031626582
42046,SMC,-0.3109705,0.41783488
224766,L2/3 IT,-0.07255241,-0.039838135
224825,L2/3 IT,0.22396916,-0.010129213
41697,Astro,0.25338316,0.25627047
241571,Astro,-0.17417067,-0.04072082
41617,L2/3 IT,-0.044929504,0.29415768
41616,L4/5 IT,-0.117709726,0.095676124
224927,SMC,-0.13339141,0.24472642
41190,L2/3 IT,0.22981668,0.109075844
225174,L2/3 IT,0.28203756,0.063935995
40608,Pvalb,0.30074126,-0.13070393
40322,SMC,-0.07336965,-0.21850896
40278,Micro,-0.031786382,-0.22415283
40190,VLMC,-0.09630719,0.44853652
40005,Endo,0.15945739,-0.3345217
224439,L2/3 IT,-0.077442795,0.30818564
37880,L4/5 IT,0.040811658,0.020383716
271928,L2/3 IT,-0.13672599,0.14288515
14278,L4/5 IT,0.06954968,-0.058693647
13375,L2/3 IT,-0.187902,0.14896774
220359,Astro,-0.13252673,0.33528972
220374,L4/5 IT,-0.14887857,-0.01286751
55380,Astro,0.21392411,0.023114324
55111,Micro,0.107052386,-0.32540256
54872,L4/5 IT,0.09529626,-0.12535477
56395,L2/3 IT,-0.05323097,0.14101732
54869,Endo,-0.11403778,0.42088866
54624,Micro,-0.12761348,0.36994463
54356,PVM,-0.34516743,0.18346888
54250,Endo,-0.027141064,-0.1566822
54191,Sncg,0.11991358,-0.34796366
54166,L4/5 IT,0.028826952,-0.041612178
54077,VLMC,0.21132857,0.35233247
54632,L2/3 IT,0.14435816,-0.040844828
56484,L4/5 IT,0.0876838,0.010568202
56498,L2/3 IT,0.185911,0.041028023
219961,L4/5 IT,0.15759236,-0.108380675
58366,L4/5 IT,0.09385568,0.041760802
219640,L2/3 IT,0.3465147,0.04459524
13225,L2/3 IT,-0.34045148,0.19484174
57697,L2/3 IT,0.3499828,0.02715379
57599,Astro,0.23263639,0.22226173
57586,Endo,-0.30217385,-0.14385942
270412,L5 IT,0.13109982,-0.22738755
219699,L2/3 IT,0.096094966,0.07109809
57455,L2/3 IT,0.26501608,0.09695774
219717,Astro,-0.3914274,0.36993694
277967,Astro,0.19050813,-0.015177637
219755,Astro,-0.38365987,0.15302235
242468,Peri,0.10551989,-0.2119048
56822,L2/3 IT,0.113475025,0.21449572
56681,Endo,-0.08365667,-0.24510786
13639,L4/5 IT,-0.15817481,0.07533753
271921,L2/3 IT,-0.32256383,0.013857782
53767,L2/3 IT,0.029221833,0.13730139
53686,Astro,0.11363441,0.3270144
50110,VLMC,-0.14147481,0.46708483
50018,L2/3 IT,-0.299916,0.061172307
271733,Peri,-0.26180017,-0.17471382
242055,L2/3 IT,-0.09318605,0.17876744
49725,L2/3 IT,0.41891384,-0.018977433
49629,Endo,0.20734608,0.2451843
221997,L4/5 IT,-0.16499352,-0.09084877
222244,Peri,-0.4391908,0.055024147
14198,L4/5 IT,-0.22261614,-0.14078602
48994,Peri,0.26604146,0.044887245
48852,L2/3 IT,0.23520285,0.06417847
48788,Sst,-0.4394474,0.08642042
222419,L4/5 IT,-0.27052078,-0.14890939
277869,Pvalb,0.26721275,0.04269576
222266,L2/3 IT,-0.022736073,0.14221811
50191,L4/5 IT,-0.24851689,-0.15231556
50325,VLMC,-0.061020017,0.4302892
221920,L2/3 IT,0.2762016,0.07771796
53678,Astro,-0.26710612,-0.088673115
53567,L4/5 IT,0.1659258,-0.07365382
53226,OPC,-0.22916302,-0.02866131
53092,L4/5 IT,-0.15665752,0.08147496
221283,L2/3 IT,-0.25842482,0.16313869
52050,L4/5 IT,0.048053145,-0.032568663
51849,OPC,-0.0075077415,-0.17386952
271403,L2/3 IT,-0.12910774,0.23835176
51766,PVM,0.08592892,0.11653173
13953,L2/3 IT,0.3122741,-0.0065306425
51180,L2/3 IT,0.23477507,0.11870074
50815,SMC,0.11773968,0.057515144
50717,L4/5 IT,0.034587264,-0.026375532
50699,VLMC,-0.40866536,0.40184528
271622,Astro,0.094534814,-0.10219249
53697,OPC,-0.44863752,0.25460112
37793,L2/3 IT,-0.13643882,0.261774
37762,Endo,0.14553136,0.42254186
37611,L2/3 IT,0.08701372,0.06696284
24209,L2/3 IT,-0.19226846,0.23080409
24196,L4/5 IT,-0.19684356,-0.10044044
230926,L2/3 IT,0.33285415,0.0813697
240542,Peri,-0.036230415,-0.18546495
23710,L4/5 IT,0.11135864,0.0027660728
23520,L2/3 IT,-0.3181517,0.15924889
16958,PVM,0.04583311,-0.37758502
23453,L4/5 IT,-0.19906947,-0.018550068
17114,OPC,0.16452801,0.15568334
276362,Micro,-0.09416163,-0.08350968
22671,L2/3 IT,0.033263385,0.261437
240496,VLMC,0.5,0.10120237
231402,Endo,-0.35597867,0.14983678
276379,L2/3 IT,0.21425623,0.14152539
276317,Vip,0.110307276,0.07531375
240582,Peri,0.19245154,0.04074824
16929,PVM,-0.19905812,-0.36125243
24542,Lamp5,-0.0905717,0.41585022
230027,L5 IT,0.0012370944,-0.18058097
26382,Endo,-0.106436074,-0.14195529
26288,Astro,0.06435394,0.41302574
26214,L2/3 IT,-0.37448004,0.0380069
26157,L2/3 IT,0.31235904,-0.014383942
230292,Astro,-0.15461144,-0.0368658
275878,Astro,-0.17123052,0.31366903
16767,VLMC,-0.21634346,0.45635337
275936,L2/3 IT,-0.1578263,0.23823148
277481,SMC,0.014083922,0.42459267
275989,L2/3 IT,-0.08750707,0.30216444
16850,L4/5 IT,0.05204928,-0.063987136
24960,Sncg,0.2744426,0.06107843
24651,L4/5 IT,-0.24225995,-0.06912094
230759,Vip,-0.21638611,0.062006712
22582,L2/3 IT,0.1777569,0.19607168
230015,L2/3 IT,0.17841393,0.13529158
276440,Astro,0.1666261,0.3486728
22189,L4/5 IT,-0.15464792,-0.058361948
19881,L4/5 IT,-0.18851864,-0.03471926
19470,Astro,0.29305863,0.01651305
19420,L2/3 IT,0.11713797,0.23694831
19365,Astro,-0.2844408,0.15092164
18967,PVM,-0.06251991,0.4299336
232772,Astro,0.3122688,0.21074814
20053,Peri,0.08707917,0.15016967
18960,L2/3 IT,-0.19456908,0.18299115
18758,Astro,-0.28353822,0.25905174
232919,SMC,0.25464666,0.26796383
18253,Endo,0.049271405,0.06702906
277284,OPC,0.11171538,0.04624313
17998,L2/3 IT,-0.010129631,0.16238153
17876,OPC,0.15679014,-0.28131056
18941,L2/3 IT,0.11651152,0.11499661
20137,L2/3 IT,0.3298617,0.0076631308
20142,PVM,0.027073741,0.45460534
232271,L4/5 IT,0.11518121,-0.06153983
231681,L5 IT,0.15544784,-0.14956951
21805,L5 IT,-0.06041652,-0.23044422
21790,L2/3 IT,0.37242877,-0.027189434
231762,PVM,0.28107613,-0.09859556
21683,L2/3 IT,0.34649235,0.055023372
21648,Peri,-0.07776007,0.056048453
231806,L4/5 IT,-0.08540362,-0.003417015
21518,Endo,-0.24606678,-0.071254104
276632,Oligo,-0.23569685,-0.16277003
20819,L4/5 IT,-0.01178956,0.09648025
17358,Pvalb,-0.059543967,0.11633986
20636,Astro,0.015362322,0.37795413
20522,L2/3 IT,-0.30670214,0.16952205
17389,Endo,-0.21845254,0.42208588
20238,Lamp5,-0.2952435,0.42899472
22270,Micro,-0.096853554,-0.22248891
240722,Astro,-0.10707998,-0.11653343
26757,L4/5 IT,-0.09747523,-0.09293017
240737,Sst,0.25678104,-0.15987706
34173,L4/5 IT,0.23275965,-0.13519052
33951,L2/3 IT,0.20707339,0.09089112
33763,L2/3 IT,-0.25245178,0.2563852
227762,L2/3 IT,-0.1528686,0.24774349
15876,Endo,0.33724087,0.061795652
33204,Endo,0.080235004,-0.29632795
227518,PVM,0.09078109,0.41584736
32986,Micro,-0.21179363,-0.06656921
32633,L2/3 IT,0.24528348,0.05544007
32421,VLMC,-0.4514179,0.15871578
32341,L4/5 IT,0.19313812,-0.11187783
32254,L2/3 IT,-0.41231942,0.07171339
274696,L2/3 IT,0.22109509,0.1205942
31927,SMC,-0.18816575,-0.16271356
32970,Endo,-0.1180785,-0.14735922
15794,PVM,-0.040714443,-0.21274963
34282,L2/3 IT,-0.3410067,0.14298415
277633,L2/3 IT,0.04499805,0.24462533
273731,Astro,-0.0149782,-0.5
273818,Astro,0.26912743,0.062306106
226406,Vip,-0.2885071,-0.3041825
36682,Endo,0.1962406,0.31809777
233763,L2/3 IT,0.33998442,0.049736857
226810,L2/3 IT,-0.24071732,-0.14831802
15667,Peri,-0.15250173,-0.2639776
274163,PVM,0.051523507,-0.049922794
35435,L2/3 IT,-0.3433981,0.08043307
35178,L2/3 IT,0.036878765,0.14354986
34870,Astro,-0.3728879,0.34010506
227268,L2/3 IT,-0.01168257,0.25531912
34579,VLMC,0.26924622,0.3598873
34522,L4/5 IT,-0.2162177,0.046165705
15767,Astro,0.13601685,0.07350314
31640,Endo,-0.11444086,-0.19393143
31595,Astro,-0.1741797,0.16994327
233569,OPC,-0.4240977,0.23519397
31090,L4/5 IT,-0.11032629,0.1134159
28284,PVM,-0.13789824,0.00022256374
275431,L4/5 IT,0.15574217,-0.08709246
27611,L2/3 IT,0.1506179,0.083467126
27582,Vip,-0.20423058,0.2894606
27505,L2/3 IT,0.09043449,0.11698896
27501,L2/3 IT,0.24963278,0.15077657
27416,L5 IT,0.14493597,-0.2650689
27298,OPC,-0.29109728,-0.07020253
27285,Astro,0.2159357,-0.07403526
240785,Peri,-0.062259525,-0.051858306
275622,L2/3 IT,0.23260611,0.10654414
26934,Astro,-0.29411075,0.2661658
26882,L2/3 IT,-0.11191133,0.25595146
229875,L2/3 IT,-0.35377222,-0.0070101917
26839,Micro,-0.36017329,0.04705149
28339,Vip,-0.39042097,0.29910785
219342,L2/3 IT,0.22362149,0.07666421
28375,L2/3 IT,-0.22140184,0.2245214
229258,L2/3 IT,-0.3398747,0.086173534
274904,Endo,-0.11030981,-0.08584213
274923,L2/3 IT,0.10536045,0.23690331
30882,PVM,0.28315908,0.21399063
30774,Pvalb,-0.14699402,-0.09453803
30661,L2/3 IT,-0.22686473,0.2824046
30564,L2/3 IT,-0.2408588,0.25206476
233537,L4/5 IT,0.029941976,-0.012883902
30492,Sncg,-0.020501524,-0.16507399
275129,L4/5 IT,-0.22552368,-0.085496485
29736,L2/3 IT,-0.18349695,0.2969185
240916,Oligo,-0.15792197,-0.20210609
29157,L2/3 IT,0.12100041,0.21882123
29056,L2/3 IT,-0.141604,0.2526306
28970,Micro,0.12145686,-0.23611635
229245,L4/5 IT,-0.22484562,-0.092126936
28494,VLMC,0.39744806,0.20784539
58842,L5 IT,0.045084596,-0.14419436
58958,Pvalb,0.15222347,-0.080186725
219236,L4/5 IT,-0.22177503,-0.046010107
9826,L4/5 IT,-0.04621777,-0.098193526
244177,Endo,-0.46823135,0.25438052
88366,L2/3 IT,0.2056418,-0.06522024
88199,PVM,0.16795504,0.081347704
88175,L2/3 IT,-0.06546238,0.29964244
265068,L4/5 IT,-0.28718048,-0.09345549
88762,VLMC,-0.011896402,0.46106082
87859,Astro,-0.38686764,0.19017369
209486,L2/3 IT,0.40295208,-0.0059114993
87674,Micro,-0.13315609,0.20222324
87612,OPC,0.13100874,-0.03477016
9995,Pvalb,0.15878648,-0.11337188
87201,L2/3 IT,0.25468183,0.03837371
209723,VLMC,0.46483523,0.11484027
87812,Micro,0.03118217,0.38824356
209174,L4/5 IT,-0.0810419,-0.0012439787
88832,Astro,0.03988415,-0.26071995
88955,L2/3 IT,0.17971808,0.07958746
9582,L4/5 IT,0.059792757,-0.030183017
278614,L4/5 IT,-0.107902855,0.08827865
91147,Astro,-0.17449325,-0.107608706
9617,Micro,0.111673474,-0.12576029
9624,Astro,0.0434075,0.35955757
90637,Endo,-0.07579902,0.22489792
90486,L5 IT,0.05891806,-0.1900847
90055,Pvalb,0.27794164,-0.2040708
90035,L4/5 IT,0.17108136,-0.054513425
89771,Endo,-0.07961348,-0.060009867
89694,L4/5 IT,-0.1576572,-0.064742
208962,L2/3 IT,0.1059438,0.2125479
89508,Astro,-0.3630193,-0.07017416
264810,SMC,-0.41103274,0.44196928
89099,Endo,-0.12874457,-0.23109025
10017,Astro,0.10188979,0.35568202
208322,L4/5 IT,-0.13343206,-0.04798937
86846,L2/3 IT,0.09229249,0.05045432
278524,L2/3 IT,-0.3144909,0.07487786
84001,OPC,-0.040014833,-0.23879674
265797,L4/5 IT,-0.11112288,-0.12941673
83759,L2/3 IT,-0.23492846,0.11325991
83729,L4/5 IT,0.1788761,-0.065642565
83572,L2/3 IT,0.09790486,0.07447916
83440,Micro,-0.4330392,0.15370208
84177,Vip,-0.124076545,-0.17891645
83226,L4/5 IT,-0.067044765,-0.022136718
82902,Astro,-0.21538508,-0.396247
82882,VLMC,0.08355093,0.37553304
82707,Astro,-0.39614135,-0.026179612
82595,Micro,0.211492,-0.2731318
82545,L4/5 IT,0.090347886,-0.03988725
266048,L5 IT,-0.012359381,-0.17419368
82936,Astro,0.17365497,-0.15021336
84223,Micro,-0.18851942,0.031628847
265753,L2/3 IT,0.29027867,0.044997215
84593,L4/5 IT,0.14530396,-0.17532748
86504,Vip,-0.30246997,0.03829235
210034,L2/3 IT,0.29440606,-0.122889996
265330,L4/5 IT,-0.18117458,-0.037067115
86309,L4/5 IT,-0.22706142,-0.04290828
86169,Peri,-0.16801634,0.42515045
265382,L2/3 IT,0.21766198,0.034836948
265415,Endo,0.19154543,-0.2006141
85866,Endo,-0.31571114,0.22516948
210255,Peri,0.14230901,0.015224874
265499,L2/3 IT,0.13411951,0.16372931
85171,L2/3 IT,0.18932658,0.03472334
235552,L2/3 IT,-0.2079311,0.16919672
85044,Endo,0.17070132,0.0018287301
10267,L2/3 IT,-0.2490339,0.24234271
10294,Lamp5,-0.0066963136,0.46258712
265292,VLMC,-0.19541857,0.47878778
92123,OPC,0.0038052797,-0.23442963
92183,L2/3 IT,0.1707502,0.12311053
208197,L4/5 IT,0.13710213,-0.11856103
97626,Endo,-0.3799625,0.24236506
97559,Astro,-0.36004856,0.36560863
244608,L2/3 IT,0.2567991,0.0622769
206417,L4/5 IT,0.11479443,-0.09309694
97402,Endo,-0.33248597,0.02112925
97334,Oligo,-0.089919,-0.17187431
97636,L2/3 IT,0.10348868,0.26076245
97329,L4/5 IT,0.01813209,0.0024285913
263519,Endo,-0.4379084,0.014102042
96867,L2/3 IT,0.049567997,0.24298829
206667,L2/3 IT,-0.14294443,0.251606
96727,L2/3 IT,0.18124247,0.22405034
96572,Astro,0.25474674,0.2592548
96506,L2/3 IT,-0.2760608,0.1672607
97080,L2/3 IT,0.26513177,0.04248345
8819,Vip,-0.10882068,-0.15319937
8805,OPC,0.40398425,-0.09357393
97734,L2/3 IT,0.19991916,0.056645572
100191,Astro,-0.43950838,0.0988369
8533,VLMC,0.056008577,0.40874892
99876,Endo,0.121607125,-0.31890893
99797,L4/5 IT,-0.18834808,-0.28636065
99696,L2/3 IT,0.11948007,-0.029685378
99475,Endo,-0.10876587,0.043991208
99180,OPC,-0.0007134974,0.4868785
98947,OPC,-0.3613303,0.33634496
8689,L4/5 IT,0.054314077,0.07682419
236065,Peri,0.3460468,0.14021307
98464,L2/3 IT,0.17653799,0.14250112
98299,Peri,-0.03554198,0.24565947
98188,Lamp5,-0.01209259,0.39639962
236049,VLMC,-0.14609483,0.44368774
97802,Astro,0.25888872,0.05638379
96465,L2/3 IT,0.14683098,0.13954318
96448,Lamp5,-0.34172446,0.2654525
96217,L2/3 IT,0.05644071,0.127734
206871,PVM,0.05461234,-0.013705969
9254,Peri,-0.22012487,0.014626682
94204,L2/3 IT,0.29681963,0.060385585
94121,VLMC,0.3091296,0.22398895
244446,L4/5 IT,-0.1297513,0.10223842
207705,L2/3 IT,-0.26986068,-0.13038251
93797,L2/3 IT,0.27720743,-0.02944687
93512,Astro,0.26724553,-0.05476302
93153,L5 IT,-0.11666101,-0.16124952
93086,Vip,-0.39046404,0.17828912
93081,Micro,0.12227249,-0.050581902
92964,L5 IT,0.063005686,-0.15006691
235826,VLMC,-0.48574385,0.33503908
208117,L2/3 IT,0.14990592,0.06751531
208159,L2/3 IT,0.18987715,0.106725514
264324,Endo,-0.3027134,0.40648347
94287,Endo,-0.10859138,0.2522875
243830,Endo,-0.16958106,-0.05899042
94296,L2/3 IT,0.08584225,0.24207246
94490,L5 IT,0.06416583,-0.24363449
206943,VLMC,-0.1451855,0.44106466
239707,Astro,0.1407407,-0.07056576
207004,L2/3 IT,0.10948992,0.23129594
95785,Endo,0.08134246,0.042758286
95704,Astro,0.33441442,0.0046305656
95539,L2/3 IT,0.112531245,0.2691146
207136,Endo,-0.111702025,0.11768621
95372,Endo,-0.25023842,-0.4342612
244497,L2/3 IT,0.09619713,0.09509581
94906,L2/3 IT,0.13700807,0.08357042
94747,Astro,-0.19422573,0.33231503
94678,L5 IT,0.004393816,-0.10445419
207456,SMC,0.39372945,0.20010823
235864,Lamp5,0.18359798,0.34473717
94518,Lamp5,-0.24969935,0.45107418
263962,L2/3 IT,0.24265063,0.09279758
262961,L2/3 IT,0.24759388,0.033837736
266114,L2/3 IT,-0.10692355,0.27593094
82174,Astro,-0.14221007,-0.05521974
269079,L2/3 IT,0.21150011,0.18561983
269106,L2/3 IT,0.12110633,0.16763484
65501,PVM,0.38558638,0.20135152
65493,Micro,-0.26085424,-0.03008756
269118,SMC,-0.023241013,-0.16054425
242911,L4/5 IT,-0.12481448,0.07822168
216930,L2/3 IT,0.03637749,0.27636635
12347,OPC,0.18122089,0.17016774
65240,L2/3 IT,0.16914856,0.04170364
65045,VLMC,0.35786635,0.22864991
64766,L2/3 IT,-0.36769104,0.0664081
64748,PVM,-0.049132764,-0.115046114
64598,L2/3 IT,-0.303168,0.034653425
64238,Micro,-0.06438866,-0.38381892
65245,Astro,0.0869779,-0.083192915
269058,L2/3 IT,0.09432238,0.21327823
65907,L2/3 IT,0.12574309,0.1856618
65934,L2/3 IT,-0.21700329,0.27132064
268282,L4/5 IT,-0.07108727,-0.36075103
268303,L5 ET,-0.021658868,-0.34225017
69714,L2/3 IT,-0.05068314,0.23678821
243090,PVM,-0.13018522,-0.13049668
215686,Pvalb,-0.1350511,-0.25165528
69114,L2/3 IT,-0.11767742,0.24574113
68858,L2/3 IT,-0.008956581,0.31273383
12048,L2/3 IT,0.018489778,0.2637934
216273,L4/5 IT,0.14907259,-0.044103354
67118,L2/3 IT,0.21569169,0.060501218
216496,L4/5 IT,0.16300613,-0.05677271
216623,L2/3 IT,-0.19737768,0.16542256
66363,L2/3 IT,-0.23085156,0.20344317
268963,L4/5 IT,-0.14721447,-0.09585899
216758,L5 IT,0.16956842,-0.10355276
64200,L2/3 IT,0.11106068,0.25140095
70189,L2/3 IT,-0.1495569,0.2515384
64169,L2/3 IT,0.20928478,-0.03330794
278106,Micro,-0.2705344,0.079457045
60348,Sst,-0.13929033,-0.03910038
60341,L2/3 IT,0.031599283,0.15564811
60311,Astro,-0.1517007,-0.07297388
218743,L2/3 IT,-0.07974881,0.150971
60169,PVM,-0.18688351,-0.15702465
60023,Endo,0.08414799,-0.1656028
60357,L4/5 IT,-0.1768772,-0.09954652
218822,Peri,-0.26666754,-0.15017447
219056,Peri,-0.069585085,0.10070038
59359,Lamp5,0.038363516,-0.11808598
242549,L2/3 IT,-0.009958595,0.26280564
270174,L5 IT,0.07377958,-0.1939365
219206,SMC,-0.26037112,0.17045647
59071,Micro,-0.15228748,-0.33956248
242586,Astro,0.14126146,-0.1829462
61206,Micro,0.13130301,-0.017320931
61247,L5 IT,-0.010072798,-0.034745246
218431,L2/3 IT,0.21340698,-0.07483688
63516,L2/3 IT,0.074436605,0.20328552
63261,Astro,-0.44199696,0.2331981
242785,Astro,-0.20934677,0.28978705
63189,L2/3 IT,0.19148982,0.12764019
12628,L2/3 IT,-0.394748,0.185929
62891,L4/5 IT,0.3063587,-0.09704137
62739,Astro,-0.37871978,0.29049158
62656,Astro,-0.10167846,0.44512773
218017,L4/5 IT,-0.13844585,-0.05132568
62387,Endo,-0.30019766,0.1057663
61882,Micro,0.20582563,0.07022804
61817,Sst,-0.2749756,-0.116986364
61552,L2/3 IT,-0.2748701,0.19452465
218417,Micro,-0.34046465,0.2514376
269781,Endo,0.19141233,0.03800726
64146,L2/3 IT,0.2409823,0.15850848
215343,Astro,-0.3210461,0.22856909
268228,L2/3 IT,-0.21218437,0.27197897
197681,Vip,0.29450703,-0.13186985
243570,L2/3 IT,0.24400991,0.07505256
77265,L4/5 IT,0.16827697,-0.021587789
76816,L4/5 IT,-0.083901376,0.07952672
213208,L2/3 IT,0.11214918,0.012019157
213224,VLMC,0.48641533,0.1003024
76569,L4/5 IT,-0.12161669,0.14237916
78235,Astro,-0.2750793,-0.24229753
213325,L2/3 IT,0.20095187,-0.11074343
243459,PVM,0.4272505,0.019254982
213421,Endo,-0.11488348,-0.35452998
267238,L4/5 IT,-0.15212888,-0.03267184
278280,L4/5 IT,0.10255742,-0.13473794
75474,L2/3 IT,-0.33298326,-0.04873708
75391,L4/5 IT,0.0663023,-0.02562663
213362,L2/3 IT,0.41017157,0.008268952
266766,L2/3 IT,0.11869323,0.1390208
243596,Vip,0.034171164,0.206276
78717,Endo,0.18324965,-0.11777052
211429,VLMC,-0.10910714,0.4413705
211440,PVM,-0.39305133,0.11077094
81996,SMC,-0.1874547,0.42604083
81811,Astro,0.17744404,-0.34599733
266256,L2/3 IT,-0.27294967,0.2327578
266275,L2/3 IT,0.07360411,0.27992374
266319,L2/3 IT,-0.287134,-0.026690125
80754,L4/5 IT,0.06743163,-0.037652045
211919,Endo,-0.31665754,0.029423177
80520,Oligo,-0.014398396,-0.34400403
211966,L2/3 IT,-0.106366366,0.20548189
212027,L2/3 IT,0.2631992,0.06407946
80074,L2/3 IT,-0.34099936,0.10064095
212323,Astro,-0.19680384,0.4445879
10904,Pvalb,0.13424236,-0.090013355
75206,L2/3 IT,0.255643,0.09119922
213774,Endo,-0.41729113,0.2980523
75118,L2/3 IT,0.33406234,0.06006819
75050,L2/3 IT,0.21999955,0.14459741
267811,L2/3 IT,-0.3510102,0.046599984
72670,Endo,-0.24654579,-0.14502329
72496,L2/3 IT,0.21588254,-0.015247583
72489,Endo,-0.2565952,0.37269115
267889,VLMC,-0.20238745,0.43594366
72234,Endo,-0.22440875,0.01239568
72165,Peri,-0.12299502,-0.17037448
72118,Peri,0.36200005,-0.06635234
72061,PVM,-0.3451227,0.24306434
243224,L2/3 IT,-0.16058904,0.27293545
72024,Peri,-0.15895864,0.3153963
71885,L2/3 IT,0.044068635,0.2887566
71661,L2/3 IT,0.087265134,0.2301414
214919,Peri,-0.06965107,-0.094608694
71573,Endo,-0.33031917,0.42896664
72748,Endo,-0.37400562,0.15805352
82215,L4/5 IT,0.09231204,-0.05024475
214501,L4/5 IT,0.115165114,-0.1262911
72894,L4/5 IT,0.0739609,-0.09191862
74934,L2/3 IT,-0.25177717,0.23094547
74714,VLMC,-0.16312394,0.4469717
243342,L5 IT,0.11723745,-0.22527322
74529,L2/3 IT,-0.27216512,0.06911558
243339,L4/5 IT,0.0770517,0.013854921
11402,L2/3 IT,-0.2884857,0.21196717
214043,L2/3 IT,-0.100783706,0.30124718
74332,L2/3 IT,0.29069418,0.068932
74197,SMC,0.2102294,-0.11876708
73947,L2/3 IT,-0.32986212,0.18060559
214291,SMC,0.4764542,0.04192871
214324,SMC,0.16685486,0.2823575
214352,L2/3 IT,0.26754063,0.059696317
73135,L4/5 IT,0.0683074,-0.009623438
73121,L5 IT,-0.07109204,-0.16514516
72859,Endo,-0.30668035,0.47714972
124438,L2/3 IT,0.20564228,-0.026712537
233113,L2/3 IT,-0.2905649,-0.17170736
166465,Micro,-0.07349092,-0.27061492
173249,L2/3 IT,0.24925703,-0.04595977
146898,Sst,0.07905078,-0.24910751
195051,L2/3 IT,0.14396024,0.22494054
173243,L2/3 IT,-0.17345849,0.26198554
250410,L4/5 IT,0.19835865,-0.14865577
194938,Astro,-0.17236474,-0.02447617
250379,L2/3 IT,-0.079835206,0.2817366
132311,L2/3 IT,-0.2918156,0.0021403432
172866,Vip,0.3420536,-0.08411908
132451,SMC,0.25446248,0.04551679
194788,L2/3 IT,-0.1061295,0.2399332
159131,Oligo,0.0943802,-0.35078844
132565,Endo,-0.26568353,-0.19488373
698,Astro,0.12731886,-0.04376203
194874,L2/3 IT,-0.1299389,0.25487232
158769,Astro,-0.3609713,-0.041808277
131745,L4/5 IT,-0.29584765,-0.05782926
131642,Endo,0.1878866,0.017311811
246494,L2/3 IT,0.075929284,0.12520653
157953,OPC,-0.12690225,0.31179082
181043,Astro,-0.38602048,0.10241997
147443,L4/5 IT,0.08705574,-0.073250026
158120,L2/3 IT,-0.1278688,0.12710989
253008,Micro,0.14302778,0.1977796
131313,VLMC,-0.40372184,0.31741732
158298,PVM,0.009101868,0.21974623
248060,Endo,-0.22780868,0.20834076
173422,L4/5 IT,0.040412486,0.02500242
147026,L2/3 IT,0.12909079,0.036088526
158400,L2/3 IT,0.22211266,0.03592968
186095,OPC,-0.44159654,0.21708816
146928,L2/3 IT,-0.24320045,0.16077548
173365,Micro,-0.3715067,-0.17905873
191978,Sst,-0.022526085,-0.17437512
254868,Lamp5,-0.29915327,0.35935777
132609,L4/5 IT,-0.011436671,-0.07180843
194772,Vip,0.21708244,-0.08244577
145475,L2/3 IT,-0.19293842,0.27061534
172002,L2/3 IT,-0.3731345,0.10916233
145450,L2/3 IT,0.13380778,0.23668188
252657,L2/3 IT,-0.25507015,0.2812699
181597,L2/3 IT,0.24826014,0.10538173
133952,L2/3 IT,-0.3615885,-0.0074366927
133521,L2/3 IT,0.12277913,0.035219133
257115,L2/3 IT,0.16479862,0.011541247
145257,L2/3 IT,0.20906824,-0.014302075
145226,Lamp5,-0.43861032,0.18831384
145211,SMC,-0.07645956,-0.29578912
248199,Astro,-0.42601657,0.22002488
160781,SMC,0.2621892,0.30842626
171462,Astro,-0.27568114,0.06275064
194278,L4/5 IT,-0.04384792,-0.14508921
194519,VLMC,0.32287294,0.2722122
133457,Astro,-0.14030212,0.40897107
181475,L2/3 IT,0.30704165,0.05697298
172426,L4/5 IT,0.13885617,0.028094232
255128,L4/5 IT,-0.17511973,-0.3107882
146219,L4/5 IT,0.06349611,-0.05817747
132770,Astro,0.117812395,0.109582305
132840,L2/3 IT,0.12189418,0.14351249
255178,L4/5 IT,-0.11606541,-0.014508754
133051,L2/3 IT,0.3314438,-0.0063999593
160024,L5 IT,0.034223735,-0.16374978
145926,L4/5 IT,0.093194366,-0.012268335
247268,Oligo,-0.0038241148,-0.38094023
133074,L2/3 IT,0.101959825,0.2456842
172383,Pvalb,0.051366806,-0.036221594
160073,Vip,-0.3521629,0.13916707
133323,Endo,-0.04904744,0.3779242
160308,Astro,-0.15724057,0.059446633
159244,SMC,-0.18620142,0.22694778
134441,Sst,0.09437543,0.073578835
157741,Oligo,0.14952463,-0.16492832
147603,L2/3 IT,0.3913998,-0.023563594
258082,VLMC,0.32991338,0.2750231
5370,L2/3 IT,-0.3487172,0.006221652
175540,OPC,0.2326299,0.2629212
128594,L4/5 IT,0.061404943,-0.04649216
175320,Endo,-0.17617059,0.2515514
156050,L4/5 IT,0.2109394,-0.1939221
155737,L4/5 IT,0.15883154,-0.012806892
149081,L2/3 IT,-0.13150656,0.19999361
175198,L2/3 IT,0.15844125,-0.030727506
175174,L2/3 IT,-0.013352841,0.39062858
148889,Endo,-0.4658499,0.23082334
186883,L2/3 IT,0.2179603,0.09091842
186867,L2/3 IT,0.15441757,0.06746858
3239,L2/3 IT,0.18799245,0.114380956
196112,L2/3 IT,0.20854014,0.102571785
128527,L5 IT,-0.19242871,-0.11910182
175634,L2/3 IT,-0.26154995,0.062441766
196279,L4/5 IT,-0.17005551,-0.10074121
187245,Vip,0.38398504,-0.015880823
247516,PVM,-0.31811196,-0.017145038
176116,L4/5 IT,-0.21465704,-0.07709038
189077,L2/3 IT,0.25938678,0.12566441
128034,Endo,-0.14025289,-0.054321617
189100,L2/3 IT,0.060871124,0.24203724
149699,L2/3 IT,0.1858393,-0.024763435
149625,L4/5 IT,0.13912725,-0.14368594
2452,L5 ET,-0.12976754,-0.21810696
196314,L4/5 IT,-0.20889306,-0.063819915
175913,L2/3 IT,0.020145655,0.22032452
180251,L4/5 IT,0.20132327,-0.08832562
149469,Endo,0.079475045,-0.15009171
175733,Endo,0.08086002,-0.1997872
149349,SMC,-0.074736714,-0.2331869
175122,Vip,0.32669967,0.059352458
147602,VLMC,-0.17031479,0.5
148551,L4/5 IT,-0.1311096,-0.027858913
257938,L2/3 IT,0.3371452,0.070967495
130125,VLMC,-0.24119544,0.4508919
250207,VLMC,-0.03651327,0.4729858
156986,L2/3 IT,0.34165263,0.0825662
148101,L2/3 IT,-0.35085598,0.14561051
157125,Astro,0.11320627,0.0915311
257703,VLMC,0.13695544,0.40635264
156906,PVM,-0.021213561,0.3180527
543,L2/3 IT,-0.1488159,0.26745242
239101,VLMC,0.4505728,0.104831874
195539,Vip,-0.1634613,0.25077373
189734,Astro,0.23978227,0.021089971
2250,Astro,-0.2755834,-0.042158693
189744,L2/3 IT,-0.031532317,0.16797256
173977,L2/3 IT,0.11249721,0.17577279
186454,OPC,0.25887042,0.13594061
156830,L4/5 IT,0.10621297,-0.07220951
247443,L2/3 IT,0.22411758,0.08109087
129980,L4/5 IT,-0.26980352,-0.04560575
5279,Endo,0.049189925,-0.39259186
129279,Peri,0.07669097,-0.029348403
257898,L2/3 IT,0.17578286,0.13462478
129433,Astro,-0.28549302,-0.024718732
189500,L2/3 IT,-0.018063009,0.2804116
174803,L5 IT,0.052298427,-0.14683577
174800,Endo,-0.131028,-0.16526717
237941,VLMC,-0.17816642,0.4638247
253278,Micro,-0.3144458,0.28675961
2326,L2/3 IT,0.3494916,0.08808142
174669,Endo,-0.18174338,0.103319645
148358,L2/3 IT,0.050262034,0.21725285
129820,PVM,0.21194553,0.1969853
174663,L2/3 IT,0.10715264,0.07933062
156721,L4/5 IT,-0.056358486,-0.086223155
156313,L5 IT,0.022879899,-0.11551866
134453,Endo,0.039253414,-0.30655408
190670,L2/3 IT,-0.3664015,0.07910496
134576,L4/5 IT,0.13387775,-0.0933069
251321,L2/3 IT,0.20438695,-0.011708438
191518,L2/3 IT,-0.009288341,0.2286753
3901,L2/3 IT,0.09999931,0.17577821
255814,L5 IT,0.18434769,-0.19995302
163553,L2/3 IT,-0.35506278,0.13224119
3920,L4/5 IT,-0.22914696,-0.060293704
163436,L4/5 IT,0.08420479,-0.062220603
191585,Endo,-0.19014102,-0.30980155
252030,Endo,-0.15980902,0.009531498
192622,Astro,0.04580021,-0.083260655
184425,Sst,0.042772174,0.083315074
239329,L4/5 IT,0.2503273,-0.12829533
183177,Peri,-0.33517224,0.020925164
256368,Micro,-0.0394879,-0.35555652
192636,L2/3 IT,0.11072075,0.07547414
142392,VLMC,-0.3090294,0.4680127
138778,L4/5 IT,0.052703083,-0.01681903
3888,Micro,0.17368752,0.37102538
142836,L4/5 IT,0.07645482,-0.0979608
142815,Micro,-0.29608786,-0.11781147
163038,Astro,-0.35423416,0.07823628
138454,Endo,-0.012492657,0.4239427
192882,Peri,0.23807192,-0.01571381
163047,OPC,-0.40663338,0.09644419
182807,Endo,-0.09281817,-0.028675705
1721,VLMC,0.33184153,0.300466
256449,L2/3 IT,0.19466484,0.2006144
142640,L4/5 IT,-0.103075504,-0.050614923
142559,L2/3 IT,-0.29353642,0.30180472
1198,Lamp5,0.22346675,0.32573456
251266,Astro,-0.30538744,0.24839908
191443,L4/5 IT,-0.23313564,-0.11570561
168027,L2/3 IT,0.34586376,0.01186347
164019,L4/5 IT,-0.2791395,-0.1470674
142885,Micro,0.0053372383,-0.09080404
141923,L4/5 IT,0.16103435,-0.12381205
167114,VLMC,0.4616238,0.10451263
140223,Sst,0.2392503,-0.21239883
165854,L2/3 IT,0.30397385,0.115786016
140289,Vip,0.2777595,0.10887879
184041,L2/3 IT,-0.07573238,0.17666245
251849,L2/3 IT,0.14220554,0.16661173
192109,L2/3 IT,0.14374089,0.2325232
246971,L2/3 IT,-0.3226804,0.17504805
183782,Micro,-0.09260765,-0.33584517
256009,Micro,-0.29878056,-0.2741184
140580,L2/3 IT,0.2208575,0.08389437
165495,VLMC,-0.06824255,0.40488607
165025,L2/3 IT,0.25003403,0.14699894
191958,Pvalb,0.15497726,-0.16243187
140744,Astro,-0.17774972,-0.13988507
140527,L2/3 IT,0.30563682,0.037272632
1576,L4/5 IT,-0.15004262,-0.14092684
166006,L2/3 IT,-0.2887861,0.034062386
166253,L4/5 IT,0.08272648,0.03787738
141922,OPC,0.43339008,0.042796314
4226,Astro,-0.045548946,-0.2266429
141896,L2/3 IT,0.19619721,0.09543729
167045,VLMC,0.22127217,0.35620064
166998,L4/5 IT,0.06854302,-0.0039235055
164183,L2/3 IT,0.14758164,0.13097209
255927,L4/5 IT,-0.14935824,-0.06781
248589,Astro,-0.15656018,-0.049535125
141671,L2/3 IT,0.02551198,0.20563716
1614,SMC,-0.2829086,0.36420447
139778,Oligo,-0.33000606,-0.1350686
256210,L2/3 IT,0.11108315,0.20973605
184207,L2/3 IT,-0.025117218,0.26588166
4033,Lamp5,0.36148804,0.00445652
166260,L4/5 IT,-0.21390474,-0.016299844
167177,L4/5 IT,-0.15925738,-0.1355117
138322,OPC,-0.30132085,0.30764884
4424,L2/3 IT,-0.10847306,0.0056006312
169140,SMC,-0.2569068,0.43877614
144386,Endo,-0.28171992,0.44185454
280192,Micro,-0.23488754,-0.2899249
193834,L2/3 IT,-0.13119105,0.20340693
144370,Astro,0.16874897,0.061692655
247165,L2/3 IT,-0.14169085,0.30325568
135701,Sst,-0.14762896,0.05709368
144474,Lamp5,0.46327174,0.045711398
248829,L6 IT,-0.099893,-0.10591233
135831,Sst,0.07116276,0.29029
182179,L4/5 IT,0.015819013,-0.046469122
161893,L4/5 IT,0.109252155,-0.022160709
135998,Astro,-0.42655915,0.1412713
161943,Endo,-0.37273318,0.3555042
143929,L2/3 IT,-0.21708345,0.22359693
144039,PVM,-0.21667126,0.2486245
905,Endo,-0.40533918,0.21264166
181993,Endo,0.23415798,0.011298001
170883,L4/5 IT,-0.06084022,0.035200834
160944,L2/3 IT,-0.06995013,0.19238442
3622,L4/5 IT,0.11471546,-0.13782954
185341,L2/3 IT,0.23351634,0.0181939
255404,VLMC,0.20080864,0.3549348
134891,L2/3 IT,-0.37819174,0.012870729
134916,Endo,-0.27832168,-0.009708315
256977,L2/3 IT,-0.122371316,0.26688904
256975,PVM,0.017963648,-0.35070366
161278,L2/3 IT,0.09208232,0.19066668
238773,L4/5 IT,-0.11607054,0.037541986
248220,L4/5 IT,0.08765769,-0.018539608
4731,Pvalb,-0.3498483,0.08197963
161611,L2/3 IT,0.27085304,0.09746045
280193,L2/3 IT,-0.2308734,0.2232014
144546,L4/5 IT,-0.21428451,-0.060335577
136162,L4/5 IT,0.20203567,-0.037496924
193644,L2/3 IT,0.13729852,0.21290272
143910,L2/3 IT,-0.1618149,0.21466404
170182,L4/5 IT,-0.31068945,-0.111804396
143253,L2/3 IT,0.0641644,0.21650922
169381,L4/5 IT,0.096368015,-0.056355625
1796,PVM,-0.49818447,0.2901367
137552,Endo,-0.26935387,0.47298694
191261,OPC,0.03379768,-0.21304855
137591,Astro,0.35032976,0.041453004
251067,Endo,-0.49116963,0.16749084
1066,VLMC,-0.09535977,0.46446633
251076,L2/3 IT,0.27669066,0.11575043
238727,L5 IT,-0.20100111,-0.14771408
143115,L4/5 IT,0.20534062,-0.080524385
143056,L4/5 IT,0.09621787,-0.05094707
182585,Vip,-0.22272858,-0.09095976
184772,Oligo,0.048024237,-0.18680769
162721,L4/5 IT,0.19057435,-0.09273425
182546,Astro,-0.07495421,0.4330902
127968,L2/3 IT,0.16540885,0.07345617
137243,Lamp5,-0.36916482,0.38983744
162382,Astro,-0.25434512,0.42928368
248815,Micro,-0.33653462,0.21809042
193543,Peri,-0.30737585,0.0990448
1854,L4/5 IT,-0.22234216,-0.1340642
136514,Peri,-0.24895442,-0.15140483
143761,Micro,0.057367265,-0.16732919
239185,L2/3 IT,0.09588212,0.23712689
162127,SMC,-0.050848722,0.36551005
136891,L2/3 IT,-0.06353456,0.28694177
1006,Endo,-0.2361139,0.22390091
162302,Astro,0.35478437,-0.05237806
143591,L4/5 IT,0.16146135,-0.078826785
143557,PVM,-0.06974813,-0.07594934
1816,L2/3 IT,-0.031525612,0.13595706
137197,L5 ET,-0.032495767,-0.108336
143497,Astro,-0.15784737,-0.3065938
143421,L2/3 IT,-0.16624454,0.21713549
196446,OPC,-0.2075648,0.34380174
248116,L4/5 IT,-0.25665665,-0.1538364
154380,Astro,0.19049764,0.27962214
111,L4/5 IT,0.015766084,-0.013959616
124699,Astro,0.40105015,0.15246087
258502,VLMC,-0.17274114,0.48455757
258603,L2/3 IT,0.25433427,0.11623651
153954,Micro,-0.37244055,0.13636035
258726,SMC,0.09022695,-0.048238218
152455,L2/3 IT,0.37606627,0.03459686
125802,Endo,0.029892147,-0.16276497
178932,OPC,-0.10058963,-0.052978873
177237,L4/5 IT,-0.10683757,0.06624526
179258,Astro,-0.1741744,0.41392356
127443,L4/5 IT,0.0788632,0.037216067
124642,Peri,-0.18791994,-0.36375266
179250,Astro,-0.1582591,0.004272938
187806,SMC,-0.18046755,-0.021202266
187519,PVM,-0.02970016,-0.2683559
188007,L4/5 IT,-0.1118277,-0.04096058
187405,Astro,-0.021264702,0.22791857
178019,L2/3 IT,0.24538237,-0.02065748
151716,L2/3 IT,-0.1713737,0.26970148
237083,Endo,0.0063875914,-0.09572297
5843,Endo,-0.11467111,-0.034015775
2525,L2/3 IT,0.07322556,0.21558022
258602,Endo,-0.04968831,-0.41572842
179998,L2/3 IT,0.41637772,-0.012246698
151480,PVM,0.09310734,0.40178424
238127,L4/5 IT,-0.0655241,0.12195259
187424,Astro,0.10675508,0.26641506
151228,SMC,-0.04522419,0.01077044
151242,L2/3 IT,-0.11638883,0.1735369
152303,Sst,0.17552221,0.11541194
154241,L4/5 IT,-0.28402093,-0.15230829
168,L2/3 IT,0.22962147,0.055384517
177551,SMC,0.2937193,0.30159867
152693,Endo,-0.3057446,-0.32382503
125669,VLMC,-0.2536127,0.47991312
126308,L2/3 IT,0.14150995,0.03444141
239006,Pvalb,0.0350914,0.00023454428
154728,L2/3 IT,-0.18713051,0.12478101
187880,L4/5 IT,0.1634996,-0.030128956
2855,PVM,-0.09017524,-0.3052781
254175,L2/3 IT,-0.28383017,0.20465082
126424,L2/3 IT,-0.28476623,0.0077955723
153365,L2/3 IT,0.22821069,-0.016354352
150506,PVM,0.22239387,0.3687523
176576,Endo,-0.2951973,-0.104305536
178820,VLMC,-0.3971946,0.3702687
249498,L2/3 IT,0.21635765,-0.06246984
150888,Endo,-0.17125353,-0.3962651
124894,L4/5 IT,-0.3091254,-0.09637067
176298,L2/3 IT,-0.17214066,0.13177627
258663,Endo,-0.39214715,0.119816184
152064,L5 IT,-0.033281624,-0.09759486
150291,Astro,-0.08979264,-0.22783804
188366,SMC,-0.18556827,0.41109818
197102,VLMC,0.42337954,0.19359457
187395,Endo,-0.18303281,0.17064482
253614,L2/3 IT,0.37118667,0.0142841935
126886,Pvalb,0.28801823,-0.14194459
254191,Peri,-0.19791451,0.2345143
152899,Micro,-0.2988326,0.08769673
152247,OPC,0.4070037,0.14164871
126238,Peri,-0.052418202,-0.282078
188240,Oligo,-0.009386599,-0.16904643
2877,L2/3 IT,0.2268967,0.006919086
247670,L6 IT,0.11977786,-0.17243937
188908,Pvalb,-0.25876373,0.08159816
153533,L2/3 IT,-0.23715094,0.09494144
178733,L2/3 IT,-0.18102297,0.20990276
249836,Astro,-0.39054644,0.32207638
152280,SMC,0.0022709966,-0.19952267
176716,L4/5 IT,-0.17632946,0.115676045
176725,Peri,-0.21122172,-0.12650827
151552,Astro,-0.45349175,0.16966802
126873,L2/3 IT,-0.064275086,0.27015948
246304,Micro,-0.07720274,0.16858274
125328,Lamp5,-0.122623324,0.038000524
150369,VLMC,0.1929208,0.34768772
187683,OPC,0.040783823,-0.2790656
151798,Sst,-0.01411736,0.0058895946
125614,Micro,0.18080306,-0.08815953
2946,Astro,0.40192765,0.17975038
126613,L2/3 IT,-0.24079898,0.1792481
178363,L2/3 IT,0.08257151,0.15761477
153007,Astro,0.3456604,0.050890982
